id;will_participate;created_by;created_date;last_modified_by;last_modified_date
1;false;hold limp;2024-08-24T18:04:17;gee;2024-08-25T08:35:58
2;true;shakily;2024-08-24T11:26:55;qua conflate newsstand;2024-08-25T02:57:03
3;true;that majority than;2024-08-25T03:51:34;when magnet;2024-08-25T02:08:43
4;true;furthermore bleakly peach;2024-08-24T13:35:26;biodegradable aw terribly;2024-08-24T21:31:12
5;true;unfortunate pfft;2024-08-24T10:42:17;hastily zap;2024-08-24T10:11:12
6;true;on;2024-08-24T23:13:31;ping forceful;2024-08-25T00:07:51
7;false;sweet floozie suspiciously;2024-08-25T05:25:32;colonial;2024-08-24T18:53:05
8;false;distant inwardly;2024-08-25T02:32:50;passage whenever;2024-08-24T10:14:18
9;true;wavy easily;2024-08-25T02:37:24;sherry into pfft;2024-08-25T00:48:11
10;true;packaging why yet;2024-08-24T16:40:59;ew considering;2024-08-25T05:48:34
