id;content;sent_at;is_deleted;created_by;created_date;last_modified_by;last_modified_date
1;../fake-data/blob/hipster.txt;2024-08-24T19:05:04;true;angrily amidst small;2024-08-24T09:00:16;wisely;2024-08-24T19:11:45
2;../fake-data/blob/hipster.txt;2024-08-24T15:38:44;false;atop deny;2024-08-24T11:55:15;agitated unfortunately;2024-08-25T00:40:49
3;../fake-data/blob/hipster.txt;2024-08-25T00:29:51;false;zowie;2024-08-25T01:54:42;ensconce yieldingly encourage;2024-08-25T03:13:20
4;../fake-data/blob/hipster.txt;2024-08-24T13:40:46;false;feisty lest odd;2024-08-24T17:44:05;catalyse loose nor;2024-08-24T20:51:11
5;../fake-data/blob/hipster.txt;2024-08-24T09:35:08;true;gadzooks athwart ugh;2024-08-24T10:16:08;annual kite;2024-08-25T06:41:34
6;../fake-data/blob/hipster.txt;2024-08-24T16:49:58;true;during frightfully;2024-08-25T04:38:14;experience;2024-08-25T08:25:53
7;../fake-data/blob/hipster.txt;2024-08-25T06:55:11;false;perfumed;2024-08-25T07:24:15;until meanwhile publicity;2024-08-24T13:09:02
8;../fake-data/blob/hipster.txt;2024-08-25T00:11:23;false;well procurement easy;2024-08-24T09:09:29;psst as fooey;2024-08-25T04:12:28
9;../fake-data/blob/hipster.txt;2024-08-24T10:03:51;true;useful;2024-08-24T12:11:15;consequently;2024-08-24T16:03:21
10;../fake-data/blob/hipster.txt;2024-08-24T09:02:38;false;drag hence;2024-08-24T13:34:49;dribble er;2024-08-24T19:45:44
