id;skill_name;created_by;created_date;last_modified_by;last_modified_date
1;pasta;woot who;2024-08-24T13:47:02;legume ruffle provided;2024-08-25T05:58:26
2;loftily;pfft;2024-08-24T23:48:07;meh;2024-08-25T05:14:16
3;often imaginative;per whether unto;2024-08-25T06:18:31;very;2024-08-24T09:24:20
4;yummy outside;zowie um dual;2024-08-25T06:33:16;even domesticate yahoo;2024-08-25T07:57:21
5;remember from um;whoa sanitize property;2024-08-24T16:18:38;supposing colorfully;2024-08-25T07:01:13
6;blissful ah exhale;yahoo limply;2024-08-24T23:17:11;psst;2024-08-25T07:44:59
7;following;finally zowie;2024-08-24T13:56:53;titanium drat;2024-08-24T17:26:30
8;phew large retreat;remember;2024-08-25T02:58:31;erupt standard sweetly;2024-08-25T05:52:29
9;past cup flanker;hummus;2024-08-24T23:06:29;around;2024-08-24T14:34:16
10;female svelte;rowdy;2024-08-25T06:23:26;nor lightly whether;2024-08-25T06:01:39
